{
    "title": "Figura 9 \u2013 Curvas de aprendizado (Loss de Treino vs. Valida\u00e7\u00e3o)",
    "epochs": [
        1,
        2,
        3,
        4,
        5,
        6,
        7,
        8,
        9,
        10,
        11,
        12,
        13,
        14,
        15,
        16,
        17,
        18,
        19,
        20,
        21,
        22,
        23,
        24,
        25,
        26,
        27,
        28,
        29,
        30,
        31,
        32,
        33,
        34,
        35,
        36,
        37,
        38,
        39,
        40,
        41,
        42,
        43,
        44,
        45,
        46,
        47,
        48,
        49,
        50
    ],
    "loss_train": [
        0.4031202793121338,
        0.30016520619392395,
        0.28919821977615356,
        0.2792208194732666,
        0.27028343081474304,
        0.26517021656036377,
        0.26323843002319336,
        0.253079354763031,
        0.26022738218307495,
        0.2565942108631134,
        0.24854692816734314,
        0.2489331215620041,
        0.2556615471839905,
        0.24847321212291718,
        0.24607151746749878,
        0.24234503507614136,
        0.24147096276283264,
        0.23907679319381714,
        0.24029341340065002,
        0.23745468258857727,
        0.23877567052841187,
        0.2385694682598114,
        0.24083897471427917,
        0.23418967425823212,
        0.23484468460083008,
        0.23469887673854828,
        0.234085351228714,
        0.23374491930007935,
        0.22878099977970123,
        0.23327749967575073,
        0.23289741575717926,
        0.22833028435707092,
        0.22692827880382538,
        0.22571474313735962,
        0.22838324308395386,
        0.2245156168937683,
        0.2261117547750473,
        0.22268040478229523,
        0.2185995876789093,
        0.22106102108955383,
        0.21948546171188354,
        0.22303783893585205,
        0.22164203226566315,
        0.21943923830986023,
        0.21850425004959106,
        0.21500374376773834,
        0.2163325548171997,
        0.21721675992012024,
        0.21128679811954498,
        0.21680699288845062
    ],
    "loss_val": [
        0.2718442380428314,
        0.26309746503829956,
        0.2597501277923584,
        0.2621214687824249,
        0.2629550099372864,
        0.2543244957923889,
        0.2546747624874115,
        0.2556452751159668,
        0.2534075677394867,
        0.2606705129146576,
        0.2589294910430908,
        0.25503063201904297,
        0.2551872432231903,
        0.25533440709114075,
        0.26296430826187134,
        0.2622673213481903,
        0.25808170437812805,
        0.26178228855133057,
        0.2601233720779419,
        0.2595755159854889,
        0.263445109128952,
        0.26104193925857544,
        0.2543221712112427,
        0.2633170485496521,
        0.261730432510376,
        0.25624504685401917,
        0.2656157314777374,
        0.26169919967651367,
        0.2626385986804962,
        0.2671703100204468,
        0.2622687816619873,
        0.27097922563552856,
        0.2743862569332123,
        0.2804223299026489,
        0.2672173082828522,
        0.2767314612865448,
        0.26766085624694824,
        0.27344971895217896,
        0.2681157886981964,
        0.27067431807518005,
        0.2691808044910431,
        0.2803304195404053,
        0.26798349618911743,
        0.2743743658065796,
        0.27214327454566956,
        0.2730342447757721,
        0.28165340423583984,
        0.2775643467903137,
        0.2754990756511688,
        0.27259594202041626
    ],
    "description": "A converg\u00eancia simult\u00e2nea e a proximidade entre as curvas indicam aus\u00eancia de overfitting significativo."
}