{
    "labels": [
        "No-Stress",
        "Stress"
    ],
    "matrices": {
        "loso_mlp": {
            "title": "MLP (Features) - LOSO Validation",
            "values": [
                [
                    4390,
                    600
                ],
                [
                    485,
                    1689
                ]
            ],
            "metrics": {
                "f1_stress": 0.7568899843154828,
                "auc": 0.9193979034425798
            }
        },
        "loso_lstm": {
            "title": "LSTM (Raw) - LOSO Validation",
            "values": [
                [
                    3989,
                    1001
                ],
                [
                    1063,
                    1111
                ]
            ],
            "metrics": {
                "f1_stress": 0.5184321045263649,
                "auc": 0.6979658489011141
            }
        }
    }
}