{
    "title": "Figura 9 \u2013 Curvas de aprendizado (Loss de Treino vs. Valida\u00e7\u00e3o)",
    "epochs": [
        1,
        2,
        3,
        4,
        5,
        6,
        7,
        8,
        9,
        10,
        11,
        12,
        13,
        14,
        15,
        16,
        17,
        18,
        19,
        20,
        21,
        22,
        23,
        24,
        25,
        26,
        27,
        28,
        29,
        30,
        31,
        32,
        33,
        34,
        35,
        36,
        37,
        38,
        39,
        40,
        41,
        42,
        43,
        44,
        45,
        46,
        47,
        48,
        49,
        50
    ],
    "loss_train": [
        1.1719425267566048,
        0.34806879233209836,
        0.3048927661906005,
        0.2871895730436106,
        0.3087095953862818,
        0.3151143028650264,
        0.2696729104170519,
        0.25485427604792493,
        0.27555154105174323,
        0.23467503579679724,
        0.24722010695938595,
        0.21645538042403498,
        0.2411678950683875,
        0.20147956721415486,
        0.2157656824950737,
        0.2031358445930387,
        0.20100099264508572,
        0.2347972587238936,
        0.1952459140912576,
        0.19229340531704467,
        0.17198681327580176,
        0.18310592989399085,
        0.1655775621439701,
        0.1854121566784707,
        0.16045888442001918,
        0.1671364668676664,
        0.16268744138503077,
        0.193968045351489,
        0.15077811514075576,
        0.15262110181688773,
        0.1593619440258133,
        0.17461666121913372,
        0.14912452446913457,
        0.1562333844774486,
        0.14692764999481955,
        0.14478475657928405,
        0.14248198734332096,
        0.13955668805515364,
        0.13664232696208176,
        0.14126973280076358,
        0.1356661868352693,
        0.13528993355795838,
        0.14709423487356352,
        0.13331263653250905,
        0.13639331673309238,
        0.13804864670064146,
        0.12862491984286406,
        0.12476895383765381,
        0.12563950800565662,
        0.12190577930852946
    ],
    "loss_val": [
        0.523045875301844,
        0.3145514666866567,
        0.2713340911628045,
        0.27993370378896515,
        0.2395977699580202,
        0.2546130401604268,
        0.21908888877934324,
        0.24236367280546975,
        0.2220156630521049,
        0.199377203104786,
        0.2115065350328381,
        0.18638751154033667,
        0.20359977253227968,
        0.17489491141004979,
        0.1722345996988334,
        0.17111529621005248,
        0.16484671737294987,
        0.15873898403165687,
        0.15160755191517472,
        0.17609533824077384,
        0.14526647974308893,
        0.16423830095097586,
        0.1388881760581673,
        0.16494112591926424,
        0.14098126857512935,
        0.16838164268271477,
        0.13280927296041128,
        0.1774050704223983,
        0.16279426391744264,
        0.15535706315637493,
        0.13692978594721084,
        0.17662848532709172,
        0.136960545042582,
        0.16586208649039677,
        0.16900394949217082,
        0.15651190170575796,
        0.17314734605721624,
        0.16084911064715815,
        0.15138751789686825,
        0.15720560013592888,
        0.1705814406866584,
        0.12071396495629133,
        0.16982576107069122,
        0.160213510007566,
        0.15942325747712865,
        0.19713479652405655,
        0.18608560552454315,
        0.17910825098233848,
        0.15462827399644885,
        0.16815062310186155
    ],
    "description": "A converg\u00eancia simult\u00e2nea e a proximidade entre as curvas indicam aus\u00eancia de overfitting significativo."
}