{
    "signal": [
        -1.2862695679882683,
        0.3419660432576916,
        0.4285164493358876,
        -0.7777818404628534,
        1.3299504811424097,
        -0.6328469643706207,
        -1.0199518165130028,
        1.6830778618682576,
        1.482684686861814,
        -1.5732743537089213,
        1.6937985565009919,
        -0.8139711296363933,
        1.640013334500436,
        0.36353954316216985,
        -0.3119397229374708,
        0.39680069293555126,
        0.30174962187015303,
        1.4785887585113655,
        1.4867117434467352,
        -0.7335603425437188,
        0.3805136681606975,
        -0.8243837581033768,
        -0.5734411816413585,
        -0.7449619536799984,
        -1.4010580685888996,
        -1.0346825834831357,
        -1.901279167701656,
        1.128840396788664,
        0.1893007695028241,
        -0.02917746038553415,
        -2.0632072855246553,
        -0.3688890199614203,
        -0.9134918242037373,
        -1.5431062609499675,
        1.8291157046551532,
        0.6065156385639694,
        -0.21022855139192925,
        0.5618869244677964,
        -0.7991943950332002,
        -0.40480659269384434,
        -0.7974542850933114,
        0.5540281911255148,
        1.1158230885335443,
        0.20263023177669787,
        1.6603924276193966,
        -0.6418843158779612,
        0.9708196583619493,
        -1.2446662075665502,
        0.3734380661491228,
        -0.9640098514769129,
        0.7271412511029964,
        1.2131494433072656,
        1.1670446935087386,
        0.2923606524445386,
        0.5560669673269073,
        0.049396050103126365,
        -0.42874529676388373,
        1.6782234240528509,
        1.4928577504455058,
        -0.14934783888613326,
        -0.36211068934936885,
        0.8302794816442872,
        1.3056424850393968,
        -0.1533379622326208
    ],
    "saliency": [
        0.0,
        0.002620571991428733,
        0.037934042513370514,
        0.14527563750743866,
        0.19258271157741547,
        0.28259870409965515,
        0.36265262961387634,
        0.3718907833099365,
        0.449462890625,
        0.5724672675132751,
        0.5317763090133667,
        0.582336962223053,
        0.5164130926132202,
        0.5298983454704285,
        0.5106880068778992,
        0.42319849133491516,
        0.38488224148750305,
        0.2846578359603882,
        0.217296302318573,
        0.12708726525306702,
        0.04707258939743042,
        0.0033617790322750807,
        0.03128986805677414,
        0.1720111072063446,
        0.2409622222185135,
        0.3705199360847473,
        0.5032477378845215,
        0.45044755935668945,
        0.6417809128761292,
        0.663192093372345,
        0.6996006965637207,
        0.7819474339485168,
        0.7663443088531494,
        0.6700267791748047,
        0.6952749490737915,
        0.6643961071968079,
        0.5311179161071777,
        0.452727735042572,
        0.23288026452064514,
        0.11497858911752701,
        0.17663611471652985,
        0.04185580089688301,
        0.16472862660884857,
        0.3612503707408905,
        0.3830277919769287,
        0.6177168488502502,
        0.6964304447174072,
        0.9408297538757324,
        0.8983925580978394,
        0.9833927750587463,
        0.9999986886978149,
        0.8860849142074585,
        0.8456438779830933,
        0.9172365665435791,
        0.8110390305519104,
        0.7110070586204529,
        0.569372296333313,
        0.3716312646865845,
        0.2599419057369232,
        0.11250084638595581,
        0.000560664979275316,
        0.03171738609671593,
        0.11196920275688171,
        0.10423854738473892
    ],
    "description": "Calculated via tf.GradientTape on trained LSTM model."
}