{
    "title": "Figura 9 \u2013 Curvas de aprendizado (Loss de Treino vs. Valida\u00e7\u00e3o)",
    "epochs": [
        1,
        2,
        3,
        4,
        5,
        6,
        7,
        8,
        9,
        10,
        11,
        12,
        13,
        14,
        15,
        16,
        17,
        18,
        19,
        20,
        21,
        22,
        23,
        24,
        25,
        26,
        27,
        28,
        29,
        30,
        31,
        32,
        33,
        34,
        35,
        36,
        37,
        38,
        39,
        40,
        41,
        42,
        43,
        44,
        45,
        46,
        47,
        48,
        49,
        50
    ],
    "loss_train": [
        0.4411965310573578,
        0.2943219244480133,
        0.27917715907096863,
        0.2716401517391205,
        0.2655046284198761,
        0.25893884897232056,
        0.25318410992622375,
        0.2551801800727844,
        0.24945543706417084,
        0.25166967511177063,
        0.24414105713367462,
        0.2458261102437973,
        0.243375763297081,
        0.23891332745552063,
        0.2363230288028717,
        0.23765330016613007,
        0.23719272017478943,
        0.2352367490530014,
        0.23107832670211792,
        0.23203250765800476,
        0.2303093671798706,
        0.23120220005512238,
        0.22786810994148254,
        0.22686800360679626,
        0.22570981085300446,
        0.22797125577926636,
        0.2260400503873825,
        0.22483736276626587,
        0.22784896194934845,
        0.2245151549577713,
        0.2237684726715088,
        0.22268268465995789,
        0.22360074520111084,
        0.21989253163337708,
        0.22267179191112518,
        0.21959693729877472,
        0.21879513561725616,
        0.21673451364040375,
        0.21608291566371918,
        0.21654771268367767,
        0.21763183176517487,
        0.21529126167297363,
        0.211883544921875,
        0.2160685509443283,
        0.21395641565322876,
        0.21125181019306183,
        0.21174542605876923,
        0.21512457728385925,
        0.21502457559108734,
        0.21110884845256805
    ],
    "loss_val": [
        0.28295212984085083,
        0.27239498496055603,
        0.2711222469806671,
        0.2707752287387848,
        0.2709255814552307,
        0.2704940438270569,
        0.26816731691360474,
        0.2693169116973877,
        0.2698027193546295,
        0.2704122066497803,
        0.27379316091537476,
        0.2693229615688324,
        0.26914820075035095,
        0.2705651819705963,
        0.2731286883354187,
        0.27068233489990234,
        0.2699498236179352,
        0.2678232491016388,
        0.27014511823654175,
        0.26949238777160645,
        0.2720818817615509,
        0.2695102393627167,
        0.2728440463542938,
        0.27358537912368774,
        0.2694723308086395,
        0.2697925269603729,
        0.2694752812385559,
        0.2708338499069214,
        0.27075037360191345,
        0.27440664172172546,
        0.2713627815246582,
        0.2731200158596039,
        0.2698531746864319,
        0.2765398323535919,
        0.2739289402961731,
        0.276704341173172,
        0.2722785770893097,
        0.2722628712654114,
        0.2756258547306061,
        0.2720891535282135,
        0.27591773867607117,
        0.28462934494018555,
        0.27899640798568726,
        0.2755696177482605,
        0.27625027298927307,
        0.27683454751968384,
        0.2791154980659485,
        0.2850613296031952,
        0.2819423973560333,
        0.27869266271591187
    ],
    "description": "A converg\u00eancia simult\u00e2nea e a proximidade entre as curvas indicam aus\u00eancia de overfitting significativo."
}