{
    "loso_mlp": {
        "accuracy": 0.8485482970407594,
        "auc": 0.9193979034425798,
        "no_stress": {
            "precision": 0.9005128205128206,
            "recall": 0.8797595190380761,
            "f1": 0.8900152052711606,
            "support": 4990
        },
        "stress": {
            "precision": 0.7378768020969856,
            "recall": 0.7769089236430543,
            "f1": 0.7568899843154828,
            "support": 2174
        },
        "confusion_matrix": {
            "tn": 4390,
            "fp": 600,
            "fn": 485,
            "tp": 1689
        }
    },
    "standard_mlp": {
        "accuracy": 0.9560362875087229,
        "auc": 0.9901388984866285,
        "no_stress": {
            "precision": 0.9605911330049262,
            "recall": 0.9769539078156313,
            "f1": 0.9687034277198212,
            "support": 998
        },
        "stress": {
            "precision": 0.9449760765550239,
            "recall": 0.9080459770114943,
            "f1": 0.9261430246189918,
            "support": 435
        },
        "confusion_matrix": {
            "tn": 975,
            "fp": 23,
            "fn": 40,
            "tp": 395
        }
    },
    "loso_lstm": {
        "accuracy": 0.711892797319933,
        "auc": 0.6979658489011141,
        "no_stress": {
            "precision": 0.7895882818685669,
            "recall": 0.7993987975951904,
            "f1": 0.7944632543318064,
            "support": 4990
        },
        "stress": {
            "precision": 0.5260416666666666,
            "recall": 0.5110395584176632,
            "f1": 0.5184321045263649,
            "support": 2174
        },
        "confusion_matrix": {
            "tn": 3989,
            "fp": 1001,
            "fn": 1063,
            "tp": 1111
        }
    },
    "standard_lstm": {
        "accuracy": 0.9057920446615492,
        "auc": 0.961301914173174,
        "no_stress": {
            "precision": 0.8999073215940686,
            "recall": 0.9729458917835672,
            "f1": 0.9350024073182475,
            "support": 998
        },
        "stress": {
            "precision": 0.923728813559322,
            "recall": 0.7517241379310344,
            "f1": 0.8288973384030418,
            "support": 435
        },
        "confusion_matrix": {
            "tn": 971,
            "fp": 27,
            "fn": 108,
            "tp": 327
        }
    }
}