{
    "loso_mlp": {
        "accuracy": 0.8876043673731535,
        "auc": 0.9572402948721586,
        "no_stress": {
            "precision": 0.9536231884057971,
            "recall": 0.8859964093357271,
            "f1": 0.9185667752442996,
            "support": 1114
        },
        "stress": {
            "precision": 0.7567049808429118,
            "recall": 0.891647855530474,
            "f1": 0.8186528497409327,
            "support": 443
        },
        "confusion_matrix": {
            "tn": 987,
            "fp": 127,
            "fn": 48,
            "tp": 395
        }
    },
    "loso_lstm": {
        "accuracy": 0.8895311496467566,
        "auc": 0.9554267257275554,
        "no_stress": {
            "precision": 0.9494274809160306,
            "recall": 0.8931777378815081,
            "f1": 0.9204440333024977,
            "support": 1114
        },
        "stress": {
            "precision": 0.7662082514734774,
            "recall": 0.8803611738148984,
            "f1": 0.819327731092437,
            "support": 443
        },
        "confusion_matrix": {
            "tn": 995,
            "fp": 119,
            "fn": 53,
            "tp": 390
        }
    },
    "standard_mlp": {
        "accuracy": 0.8763313609467456,
        "auc": 0.9459144383601796,
        "no_stress": {
            "precision": 0.9355416293643688,
            "recall": 0.8840947546531303,
            "f1": 0.9090909090909091,
            "support": 1182
        },
        "stress": {
            "precision": 0.7609075043630017,
            "recall": 0.8582677165354331,
            "f1": 0.8066604995374653,
            "support": 508
        },
        "confusion_matrix": {
            "tn": 1045,
            "fp": 137,
            "fn": 72,
            "tp": 436
        }
    },
    "standard_lstm": {
        "accuracy": 0.9035502958579882,
        "auc": 0.9648600397031589,
        "no_stress": {
            "precision": 0.9619220308250227,
            "recall": 0.8976311336717429,
            "f1": 0.9286652078774617,
            "support": 1182
        },
        "stress": {
            "precision": 0.7938671209540034,
            "recall": 0.9173228346456693,
            "f1": 0.8511415525114155,
            "support": 508
        },
        "confusion_matrix": {
            "tn": 1061,
            "fp": 121,
            "fn": 42,
            "tp": 466
        }
    }
}