{
    "loso_mlp": {
        "accuracy": 0.8519695044472682,
        "auc": 0.9444120100083403,
        "no_stress": {
            "precision": 0.9422084623323014,
            "recall": 0.8376146788990826,
            "f1": 0.8868382710053424,
            "support": 1090
        },
        "stress": {
            "precision": 0.7074380165289256,
            "recall": 0.8842975206611571,
            "f1": 0.7860422405876951,
            "support": 484
        },
        "confusion_matrix": {
            "tn": 913,
            "fp": 177,
            "fn": 56,
            "tp": 428
        }
    },
    "loso_lstm": {
        "accuracy": 0.9021601016518425,
        "auc": 0.970503828948366,
        "no_stress": {
            "precision": 0.9588235294117647,
            "recall": 0.8972477064220183,
            "f1": 0.9270142180094787,
            "support": 1090
        },
        "stress": {
            "precision": 0.7978339350180506,
            "recall": 0.9132231404958677,
            "f1": 0.8516377649325626,
            "support": 484
        },
        "confusion_matrix": {
            "tn": 978,
            "fp": 112,
            "fn": 42,
            "tp": 442
        }
    },
    "standard_mlp": {
        "accuracy": 0.850887573964497,
        "auc": 0.9423775275648335,
        "no_stress": {
            "precision": 0.9509322865554465,
            "recall": 0.8274978650725875,
            "f1": 0.8849315068493151,
            "support": 1171
        },
        "stress": {
            "precision": 0.698956780923994,
            "recall": 0.9036608863198459,
            "f1": 0.788235294117647,
            "support": 519
        },
        "confusion_matrix": {
            "tn": 969,
            "fp": 202,
            "fn": 50,
            "tp": 469
        }
    },
    "standard_lstm": {
        "accuracy": 0.9100591715976332,
        "auc": 0.9725034512603066,
        "no_stress": {
            "precision": 0.9594229035166817,
            "recall": 0.9086251067463706,
            "f1": 0.9333333333333333,
            "support": 1171
        },
        "stress": {
            "precision": 0.8158347676419966,
            "recall": 0.9132947976878613,
            "f1": 0.8618181818181818,
            "support": 519
        },
        "confusion_matrix": {
            "tn": 1064,
            "fp": 107,
            "fn": 45,
            "tp": 474
        }
    }
}