{
    "loso_mlp": {
        "accuracy": 0.8485482970407594,
        "auc": 0.9193979034425798,
        "no_stress": {
            "precision": 0.9005128205128206,
            "recall": 0.8797595190380761,
            "f1": 0.8900152052711606,
            "support": 4990
        },
        "stress": {
            "precision": 0.7378768020969856,
            "recall": 0.7769089236430543,
            "f1": 0.7568899843154828,
            "support": 2174
        },
        "confusion_matrix": {
            "tn": 4390,
            "fp": 600,
            "fn": 485,
            "tp": 1689
        }
    },
    "standard_mlp": {
        "accuracy": 0.9560362875087229,
        "auc": 0.9901388984866285,
        "no_stress": {
            "precision": 0.9605911330049262,
            "recall": 0.9769539078156313,
            "f1": 0.9687034277198212,
            "support": 998
        },
        "stress": {
            "precision": 0.9449760765550239,
            "recall": 0.9080459770114943,
            "f1": 0.9261430246189918,
            "support": 435
        },
        "confusion_matrix": {
            "tn": 975,
            "fp": 23,
            "fn": 40,
            "tp": 395
        }
    }
}