{
    "title": "Figura 9 \u2013 Curvas de aprendizado (Loss de Treino vs. Valida\u00e7\u00e3o)",
    "epochs": [
        1,
        2,
        3,
        4,
        5,
        6,
        7,
        8,
        9,
        10,
        11,
        12,
        13,
        14,
        15,
        16,
        17,
        18,
        19,
        20,
        21,
        22,
        23,
        24,
        25,
        26,
        27,
        28,
        29,
        30,
        31,
        32,
        33,
        34,
        35,
        36,
        37,
        38,
        39,
        40,
        41,
        42,
        43,
        44,
        45,
        46,
        47,
        48,
        49,
        50
    ],
    "loss_train": [
        1.1719425566274249,
        0.3480688353098748,
        0.30489303707689563,
        0.28719082114272176,
        0.30871495313625286,
        0.3151047319356763,
        0.26966972835768005,
        0.2548534995268752,
        0.2755571450754418,
        0.23467602664935724,
        0.24721660634385156,
        0.2164564877147228,
        0.24116727579262442,
        0.20147934041386306,
        0.2157643998050477,
        0.2031367979523696,
        0.20099861793457396,
        0.2347979644135854,
        0.19524635999955114,
        0.19229313276643878,
        0.17198579345482307,
        0.1831028739771474,
        0.1655783820017237,
        0.18541452724474874,
        0.1604582696739937,
        0.16713507192143126,
        0.16268771139159768,
        0.1939697802193047,
        0.15077793622217908,
        0.15262107932463245,
        0.15936247011805485,
        0.17461820649186288,
        0.14912302809210096,
        0.15623326888575598,
        0.14692783619155697,
        0.14437669993635102,
        0.1410404770283644,
        0.14426721852064506,
        0.17040042287642576,
        0.138421625520284,
        0.135113194054367,
        0.13324262705157291,
        0.13267413957719443,
        0.13587440958779923,
        0.1335598098908025,
        0.13215370536796187,
        0.13007290317091053,
        0.1286409856610835,
        0.12517100710786888,
        0.12430472997330752
    ],
    "loss_val": [
        0.5230458273468629,
        0.31455147573621595,
        0.27133432821940734,
        0.2799364104077234,
        0.23959256940778453,
        0.254607238517904,
        0.2190823252062249,
        0.24236085952759948,
        0.22201430598949673,
        0.19937779768491873,
        0.2115037087765868,
        0.18638757314680449,
        0.2035995332731758,
        0.17489508489085903,
        0.17223396331630902,
        0.17111661900624628,
        0.16484683554522533,
        0.15873837757515433,
        0.15160761451033575,
        0.1760947758941502,
        0.1452665080494113,
        0.1642348941098657,
        0.13888757026734688,
        0.16493719489829559,
        0.14098219628526434,
        0.16838002676060573,
        0.1328090626330569,
        0.1774033417198756,
        0.16279382907331585,
        0.15535561055760716,
        0.13692882077328292,
        0.17662990361997208,
        0.13696140154441608,
        0.1658617889249678,
        0.169004572056912,
        0.1669404930508833,
        0.16504148387244402,
        0.12565013197501754,
        0.167446295246024,
        0.197657484631673,
        0.186796156880552,
        0.17260596644448647,
        0.17169684315311592,
        0.1898556926621304,
        0.1859518780556949,
        0.17732784669474946,
        0.1836505188537022,
        0.18521256420660895,
        0.1882595457261012,
        0.1761393141718943
    ],
    "description": "A converg\u00eancia simult\u00e2nea e a proximidade entre as curvas indicam aus\u00eancia de overfitting significativo."
}