{
    "loso_mlp": {
        "accuracy": 0.8410106085985483,
        "auc": 0.9003167789120098,
        "no_stress": {
            "precision": 0.8909644670050761,
            "recall": 0.8793587174348697,
            "f1": 0.8851235501765002,
            "support": 4990
        },
        "stress": {
            "precision": 0.7311299687360429,
            "recall": 0.7529898804047838,
            "f1": 0.7418989349648765,
            "support": 2174
        },
        "confusion_matrix": {
            "tn": 4388,
            "fp": 602,
            "fn": 537,
            "tp": 1637
        }
    },
    "standard_mlp": {
        "accuracy": 0.9525471039776692,
        "auc": 0.9893695436850712,
        "no_stress": {
            "precision": 0.9523346303501945,
            "recall": 0.9809619238476954,
            "f1": 0.9664363277393879,
            "support": 998
        },
        "stress": {
            "precision": 0.9530864197530864,
            "recall": 0.8873563218390804,
            "f1": 0.919047619047619,
            "support": 435
        },
        "confusion_matrix": {
            "tn": 979,
            "fp": 19,
            "fn": 49,
            "tp": 386
        }
    },
    "loso_lstm": {
        "accuracy": 0.7209659408151871,
        "auc": 0.6889873583413376,
        "no_stress": {
            "precision": 0.8251793868232224,
            "recall": 0.7605210420841684,
            "f1": 0.7915319637084159,
            "support": 4990
        },
        "stress": {
            "precision": 0.5341130604288499,
            "recall": 0.6301747930082797,
            "f1": 0.5781810508546107,
            "support": 2174
        },
        "confusion_matrix": {
            "tn": 3795,
            "fp": 1195,
            "fn": 804,
            "tp": 1370
        }
    },
    "standard_lstm": {
        "accuracy": 0.9344033496161898,
        "auc": 0.9702209015732614,
        "no_stress": {
            "precision": 0.9405458089668616,
            "recall": 0.966933867735471,
            "f1": 0.9535573122529645,
            "support": 998
        },
        "stress": {
            "precision": 0.918918918918919,
            "recall": 0.8597701149425288,
            "f1": 0.8883610451306413,
            "support": 435
        },
        "confusion_matrix": {
            "tn": 965,
            "fp": 33,
            "fn": 61,
            "tp": 374
        }
    }
}